,tmax_f,tmin_f,energy_mwh
tmax_f,1.0,0.9105848818303612,0.008694601513989918
tmin_f,0.9105848818303612,1.0,0.06309348777541485
energy_mwh,0.008694601513989918,0.06309348777541485,1.0
