,tmax_f,tmin_f,energy_mwh
tmax_f,1.0,0.9120064436415865,0.01789389524862894
tmin_f,0.9120064436415865,1.0,0.07945335904530051
energy_mwh,0.01789389524862894,0.07945335904530051,1.0
