,tmax_f,tmin_f,energy_mwh
tmax_f,1.0,0.9101645030834786,0.012491837718273545
tmin_f,0.9101645030834786,1.0,0.06971254324078835
energy_mwh,0.012491837718273545,0.06971254324078835,1.0
