,tmax_f,tmin_f,energy_mwh
tmax_f,1.0,0.9110951743419003,0.004375378511601039
tmin_f,0.9110951743419003,1.0,0.0625841739658007
energy_mwh,0.004375378511601039,0.0625841739658007,1.0
