temp_range,Friday,Monday,Saturday,Sunday,Thursday,Tuesday,Wednesday
<50°F,870313.1166666667,877593.3846153846,840378.2,837508.9166666666,892078.1666666666,890642.3846153846,896271.8153846153
