temp_range,Friday,Monday,Saturday,Sunday,Thursday,Tuesday,Wednesday
<50°F,840953.276923077,844509.6333333333,796427.7,790381.4666666667,856347.2153846154,859693.2666666667,851168.6615384616
