temp_range,Friday,Monday,Saturday,Sunday,Thursday,Tuesday,Wednesday
<50°F,850430.9833333333,857548.8615384615,820161.5333333333,814170.9833333333,866072.1,873397.1384615385,875250.0923076923
