temp_range,Friday,Monday,Saturday,Sunday,Thursday,Tuesday,Wednesday
<50°F,860237.8461538461,868493.4,820161.5333333333,814170.9833333333,880104.5230769231,884261.6166666667,875250.0923076923
