day_type,mean,std,count
Weekday,864739.4634920635,911056.769131052,315
Weekend,817166.2583333333,857756.3815126385,120
