day_type,mean,std,count
Weekday,873583.526984127,920195.8625612146,315
Weekend,817166.2583333333,857756.3815126385,120
