day_type,mean,std,count
Weekday,850484.6634920635,895268.5068384568,315
Weekend,793404.5833333334,831419.3445787496,120
