day_type,mean,std,count
Weekday,885512.6031746032,931893.3691214425,315
Weekend,838943.5583333333,879907.9930103727,120
